Fold,RMSE,MAE
1,0.0003329836209836321,0.0001292790122351463
2,0.0002262115042970232,0.00011754583004127593
3,0.0007663532908124952,0.0002362904942147737
4,0.0006396287324230897,0.00016919031734464045
5,0.00041896783991085974,0.0001970240442300731
Average,0.00047682899768542,0.00016986593961318188
