Fold,RMSE,MAE
1,0.0004363539251208665,0.00036958474083803594
2,0.00024012242890023299,0.0001684950984781608
3,0.000765683744507602,0.0002371114824200049
4,0.0006521257427697717,0.00018365681171417236
5,0.0003319219925426037,0.00017149370978586376
Average,0.0004852415667682154,0.00022606836864724755
